2019;UB-57-UI;201701
2019;ZU-69-WK;201702
2019;DY-76-KA;201703
2019;EE-54-CH;201704
2019;QW-41-XJ;201705
2019;IU-24-GW;201706
2019;PJ-38-PY;201707
2019;NI-82-GE;201708
2019;JA-78-HS;201709
2019;KV-74-CK;201710
2019;IS-37-DP;201711
2019;YG-91-ZQ;201712
2019;PX-52-WB;201713
2019;LT-23-KN;201714
2019;HP-20-XC;201715
2019;QX-29-WL;201716
2019;MU-83-FI;201717
2019;KD-60-FS;201601
2019;NE-94-AL;201602
2019;HT-88-EC;201603
2019;AD-31-ZW;201604
2019;PS-12-AV;201605
2019;UU-34-OU;201606
2019;OF-23-OI;201607
2019;NL-50-OF;201608
2019;ZY-98-KU;201609
2019;ZG-16-AI;201610
2019;SC-12-KO;201611
2019;IH-83-JK;201501
2019;VK-76-KY;201502
2019;QN-25-TL;201503
2019;XH-68-HJ;201504
2019;AH-97-PP;201505
2019;GN-78-CO;201506
2019;KB-46-MK;201801
2019;YZ-55-PC;201802
2019;EH-01-KO;201803
2019;OU-04-BI;201804
2019;PN-53-XU;201805
2019;OL-71-BG;201806
2019;TY-36-UA;201807
2019;UM-26-XY;201808
2019;QA-69-AY;201809
2019;BH-58-BB;201810
2019;OI-45-TL;201811
2019;IB-45-TP;201812
2019;QU-47-SS;201813
2019;TE-70-GY;201814
2019;VF-12-YG;201815
2019;GS-67-TI;201816
2020;UB-57-UI;201901
2020;ZU-69-WK;201902
2020;DY-76-KA;201903
2020;EE-54-CH;201904
2020;QW-41-XJ;201905
2020;IU-24-GW;201906
2020;PJ-38-PY;201907
2020;NI-82-GE;201908
2020;JA-78-HS;201909
2020;KV-74-CK;201910
2020;IS-37-DP;201911
2020;YG-91-ZQ;201912
2020;PX-52-WB;201913
2020;LT-23-KN;201914
2020;HP-20-XC;201915
2020;QX-29-WL;201916
2020;MU-83-FI;201917
2020;KD-60-FS;201918
2020;NE-94-AL;201919
2020;HT-88-EC;201920
2020;AD-31-ZW;201921
2020;PS-12-AV;201813
2020;UU-34-OU;201814
2020;OF-23-OI;201815
2020;NL-50-OF;201816
2020;ZY-98-KU;201817
2020;ZG-16-AI;201818
2020;SC-12-KO;201701
2020;IH-83-JK;201702
2020;VK-76-KY;201703
2020;QN-25-TL;201704
2020;XH-68-HJ;201705
2020;AH-97-PP;201706
2020;GN-78-CO;201707
2020;KB-46-MK;201708
2020;YZ-55-PC;201709
2020;EH-01-KO;201608
2020;OU-04-BI;201609
2020;PN-53-XU;201610
2020;OL-71-BG;201611
2020;TY-36-UA;201501
2020;UM-26-XY;201502
2020;QA-69-AY;201716
2020;BH-58-BB;201717
2020;OI-45-TL;201601
2020;IB-45-TP;201602
2020;QU-47-SS;201603
2020;TE-70-GY;201604
2020;VF-12-YG;201605
2020;GS-67-TI;201606
